-- phpMyAdmin SQL Dump
-- version 5.1.0
-- https://www.phpmyadmin.net/
--
-- Host: 127.0.0.1
-- Generation Time: Jan 20, 2022 at 09:11 AM
-- Server version: 10.4.19-MariaDB
-- PHP Version: 7.3.28

SET SQL_MODE = "NO_AUTO_VALUE_ON_ZERO";
START TRANSACTION;
SET time_zone = "+00:00";


/*!40101 SET @OLD_CHARACTER_SET_CLIENT=@@CHARACTER_SET_CLIENT */;
/*!40101 SET @OLD_CHARACTER_SET_RESULTS=@@CHARACTER_SET_RESULTS */;
/*!40101 SET @OLD_COLLATION_CONNECTION=@@COLLATION_CONNECTION */;
/*!40101 SET NAMES utf8mb4 */;

--
-- Database: `db_exam`
--

-- --------------------------------------------------------

--
-- Table structure for table `tbl_admin`
--

CREATE TABLE `tbl_admin` (
  `adminId` int(11) NOT NULL,
  `adminUser` varchar(50) NOT NULL,
  `adminPass` varchar(32) NOT NULL
) ENGINE=InnoDB DEFAULT CHARSET=latin1;

--
-- Dumping data for table `tbl_admin`
--

INSERT INTO `tbl_admin` (`adminId`, `adminUser`, `adminPass`) VALUES
(1, 'admin', '202cb962ac59075b964b07152d234b70');

-- --------------------------------------------------------

--
-- Table structure for table `tbl_ans`
--

CREATE TABLE `tbl_ans` (
  `id` int(11) NOT NULL,
  `quesNo` int(11) NOT NULL,
  `rightAns` int(11) NOT NULL DEFAULT 0,
  `ans` text NOT NULL
) ENGINE=InnoDB DEFAULT CHARSET=latin1;

--
-- Dumping data for table `tbl_ans`
--

INSERT INTO `tbl_ans` (`id`, `quesNo`, `rightAns`, `ans`) VALUES
(1, 1, 0, 'clean separation of design & content'),
(2, 1, 0, 'minimal code duplication'),
(3, 1, 1, 'Highest priority'),
(4, 1, 0, 'Reduces page download time'),
(5, 2, 0, 'Text-decoration:line-through'),
(6, 2, 1, 'Text-decoration:in-line'),
(7, 2, 0, 'Text-decoration:overline'),
(8, 2, 0, 'Text-decoration:underline'),
(9, 3, 0, 'Cue'),
(10, 3, 0, 'Voice-family'),
(11, 3, 1, 'Load'),
(12, 3, 0, 'Speak'),
(13, 4, 0, 'Class'),
(14, 4, 1, 'Style'),
(15, 4, 0, 'span'),
(16, 4, 0, 'link'),
(17, 5, 0, 'Slow'),
(18, 5, 1, 'Normal'),
(19, 5, 0, 'Fast'),
(20, 5, 0, 'None'),
(21, 6, 0, 'DoC'),
(22, 6, 0, 'JNDI'),
(23, 6, 1, 'IoC'),
(24, 6, 0, 'XML');

-- --------------------------------------------------------

--
-- Table structure for table `tbl_ques`
--

CREATE TABLE `tbl_ques` (
  `id` int(11) NOT NULL,
  `quesNo` int(11) NOT NULL,
  `ques` text NOT NULL
) ENGINE=InnoDB DEFAULT CHARSET=latin1;

--
-- Dumping data for table `tbl_ques`
--

INSERT INTO `tbl_ques` (`id`, `quesNo`, `ques`) VALUES
(1, 1, 'Which of the following does not apply to external styles?'),
(2, 2, 'Which of the following is not a valid text-decoration option?'),
(3, 3, 'Which of the following is not a valid property of an aural style sheet?'),
(4, 4, 'Which element property is required to define internal styles?'),
(5, 5, 'What is the initial value of the marque speed property?'),
(6, 6, 'The core of the spring framework is based on the principle of');

-- --------------------------------------------------------

--
-- Table structure for table `tbl_user`
--

CREATE TABLE `tbl_user` (
  `userid` int(11) NOT NULL,
  `name` varchar(50) NOT NULL,
  `username` varchar(30) NOT NULL,
  `password` varchar(32) NOT NULL,
  `email` varchar(255) NOT NULL,
  `status` int(11) NOT NULL DEFAULT 0
) ENGINE=InnoDB DEFAULT CHARSET=latin1;

--
-- Dumping data for table `tbl_user`
--

INSERT INTO `tbl_user` (`userid`, `name`, `username`, `password`, `email`, `status`) VALUES
(5, 'Ali Raza', 'Tawary', '202cb962ac59075b964b07152d234b70', 'alirazatawry@gmail.com', 0),
(6, 'Mohsin', 'Mohsin', '202cb962ac59075b964b07152d234b70', 'alirazatawary@gmail.com', 0);

--
-- Indexes for dumped tables
--

--
-- Indexes for table `tbl_admin`
--
ALTER TABLE `tbl_admin`
  ADD PRIMARY KEY (`adminId`);

--
-- Indexes for table `tbl_ans`
--
ALTER TABLE `tbl_ans`
  ADD PRIMARY KEY (`id`);

--
-- Indexes for table `tbl_ques`
--
ALTER TABLE `tbl_ques`
  ADD PRIMARY KEY (`id`);

--
-- Indexes for table `tbl_user`
--
ALTER TABLE `tbl_user`
  ADD PRIMARY KEY (`userid`);

--
-- AUTO_INCREMENT for dumped tables
--

--
-- AUTO_INCREMENT for table `tbl_admin`
--
ALTER TABLE `tbl_admin`
  MODIFY `adminId` int(11) NOT NULL AUTO_INCREMENT, AUTO_INCREMENT=2;

--
-- AUTO_INCREMENT for table `tbl_ans`
--
ALTER TABLE `tbl_ans`
  MODIFY `id` int(11) NOT NULL AUTO_INCREMENT, AUTO_INCREMENT=25;

--
-- AUTO_INCREMENT for table `tbl_ques`
--
ALTER TABLE `tbl_ques`
  MODIFY `id` int(11) NOT NULL AUTO_INCREMENT, AUTO_INCREMENT=7;

--
-- AUTO_INCREMENT for table `tbl_user`
--
ALTER TABLE `tbl_user`
  MODIFY `userid` int(11) NOT NULL AUTO_INCREMENT, AUTO_INCREMENT=7;
COMMIT;

/*!40101 SET CHARACTER_SET_CLIENT=@OLD_CHARACTER_SET_CLIENT */;
/*!40101 SET CHARACTER_SET_RESULTS=@OLD_CHARACTER_SET_RESULTS */;
/*!40101 SET COLLATION_CONNECTION=@OLD_COLLATION_CONNECTION */;
